形态,stock_code,date_start,date_end,score,c1,c2,c3,股票名称,地区,行业,市场类型,上市状态,上市日期,是否沪深港通标的,企业性质,同花顺链接
品字形,002527.SZ,2026-03-05,2026-03-09,-0.5583449684761191,14.98,15.14,14.98,新时达,上海,电器仪表,主板,L,2010-12-24 00:00:00,S,集体企业,https://stockpage.10jqka.com.cn/002527/
品字形,300333.SZ,2026-03-05,2026-03-09,-0.5590148351823939,10.13,10.25,10.14,兆日科技,深圳,IT设备,创业板,L,2012-06-28 00:00:00,N,民营企业,https://stockpage.10jqka.com.cn/300333/
品字形,000630.SZ,2025-12-30,2026-01-05,-0.5598179223989665,5.8,6.01,5.82,铜陵有色,安徽,铜,主板,L,1996-11-20 00:00:00,S,地方国有企业,https://stockpage.10jqka.com.cn/000630/
品字形,300906.SZ,2025-12-22,2025-12-24,-0.5606112640209614,38.17,39.0,38.23,日月明,江西,运输设备,创业板,L,2020-11-05 00:00:00,N,民营企业,https://stockpage.10jqka.com.cn/300906/
品字形,920017.BJ,2026-03-05,2026-03-09,-0.5610096628404191,18.15,18.39,18.13,星昊医药,北京,化学制药,北交所,L,2023-05-31 00:00:00,N,民营企业,https://stockpage.10jqka.com.cn/920017/
品字形,301320.SZ,2026-01-21,2026-01-23,-0.5615568994187033,18.5,18.75,18.5,豪江智能,山东,电气设备,创业板,L,2023-06-09 00:00:00,N,民营企业,https://stockpage.10jqka.com.cn/301320/
品字形,600792.SH,2026-02-04,2026-02-06,-0.5620480576908311,4.64,4.83,4.66,云煤能源,云南,焦炭加工,主板,L,1997-01-23 00:00:00,N,地方国有企业,https://stockpage.10jqka.com.cn/600792/
品字形,300197.SZ,2026-03-05,2026-03-09,-0.5622174222429258,1.87,1.89,1.87,节能铁汉,深圳,环境保护,创业板,L,2011-03-29 00:00:00,S,中央企业,https://stockpage.10jqka.com.cn/300197/
品字形,603721.SH,2026-02-26,2026-03-02,-0.5643204341483765,21.91,22.22,21.94,*ST天择,湖南,影视音像,主板,L,2017-08-11 00:00:00,N,地方国有企业,https://stockpage.10jqka.com.cn/603721/
品字形,002524.SZ,2026-01-26,2026-01-28,-0.5665041076626783,5.05,5.56,5.08,光正眼科,新疆,医疗保健,主板,L,2010-12-17 00:00:00,N,民营企业,https://stockpage.10jqka.com.cn/002524/
品字形,603297.SH,2026-02-26,2026-03-02,-0.5679158084071014,126.1,128.95,126.36,永新光学,浙江,元器件,主板,L,2018-09-10 00:00:00,H,外资,https://stockpage.10jqka.com.cn/603297/
品字形,603203.SH,2026-03-05,2026-03-09,-0.5680886553743232,39.91,40.55,39.9,快克智能,江苏,专用机械,主板,L,2016-11-08 00:00:00,H,民营企业,https://stockpage.10jqka.com.cn/603203/
品字形,301315.SZ,2026-02-04,2026-02-06,-0.5683392802235807,60.98,62.2,61.06,威士顿,上海,软件服务,创业板,L,2023-06-21 00:00:00,N,民营企业,https://stockpage.10jqka.com.cn/301315/
品字形,600678.SH,2026-01-06,2026-01-08,-0.5702291866701704,14.48,14.68,14.48,四川金顶,四川,水泥,主板,L,1993-10-08 00:00:00,N,地方国有企业,https://stockpage.10jqka.com.cn/600678/
品字形,301022.SZ,2026-03-05,2026-03-09,-0.5708014110897673,31.62,31.96,31.62,海泰科,山东,专用机械,创业板,L,2021-07-02 00:00:00,N,民营企业,https://stockpage.10jqka.com.cn/301022/
品字形,600481.SH,2026-01-28,2026-01-30,-0.5712145562509142,8.89,9.26,8.89,双良节能,江苏,电气设备,主板,L,2003-04-22 00:00:00,H,民营企业,https://stockpage.10jqka.com.cn/600481/
品字形,000551.SZ,2026-03-05,2026-03-09,-0.5737526311170806,14.37,14.57,14.38,创元科技,江苏,专用机械,主板,L,1994-01-06 00:00:00,S,地方国有企业,https://stockpage.10jqka.com.cn/000551/
品字形,600236.SH,2026-03-04,2026-03-06,-0.5740948885027698,10.85,11.62,10.95,桂冠电力,广西,水力发电,主板,L,2000-03-23 00:00:00,H,中央企业,https://stockpage.10jqka.com.cn/600236/
品字形,002419.SZ,2025-12-18,2025-12-22,-0.5744441070810352,5.92,6.0,5.92,天虹股份,深圳,百货,主板,L,2010-06-01 00:00:00,S,中央企业,https://stockpage.10jqka.com.cn/002419/
品字形,600229.SH,2026-01-22,2026-01-26,-0.5750938145371292,6.69,6.75,6.68,城市传媒,山东,出版业,主板,L,2000-03-09 00:00:00,H,地方国有企业,https://stockpage.10jqka.com.cn/600229/
品字形,002207.SZ,2026-01-13,2026-01-15,-0.5755246333797428,9.02,9.28,9.02,准油股份,新疆,石油开采,主板,L,2008-01-28 00:00:00,N,地方国有企业,https://stockpage.10jqka.com.cn/002207/
品字形,601702.SH,2026-01-28,2026-01-30,-0.5759863011363171,26.07,27.83,26.34,华峰铝业,上海,铝,主板,L,2020-09-07 00:00:00,H,民营企业,https://stockpage.10jqka.com.cn/601702/
品字形,300486.SZ,2025-12-15,2025-12-31,-0.5765738538600579,19.7,21.59,19.61,东杰智能,山西,专用机械,创业板,L,2015-06-30 00:00:00,S,民营企业,https://stockpage.10jqka.com.cn/300486/
品字形,301297.SZ,2026-03-05,2026-03-09,-0.5767698776570968,35.99,36.42,35.94,富乐德,安徽,半导体,创业板,L,2022-12-30 00:00:00,S,其他,https://stockpage.10jqka.com.cn/301297/
品字形,920092.BJ,2025-12-16,2025-12-18,-0.5774664403501709,39.75,41.27,39.54,汉鑫科技,山东,软件服务,北交所,L,2021-11-15 00:00:00,N,民营企业,https://stockpage.10jqka.com.cn/920092/
品字形,300078.SZ,2025-12-30,2026-01-05,-0.5777620098434969,4.24,4.43,4.22,思创智联,浙江,软件服务,创业板,L,2010-04-30 00:00:00,N,其他,https://stockpage.10jqka.com.cn/300078/
品字形,688101.SH,2026-01-15,2026-01-19,-0.5778927155923603,17.89,18.2,17.93,三达膜,陕西,环境保护,科创板,L,2019-11-15 00:00:00,H,自然人,https://stockpage.10jqka.com.cn/688101/
品字形,002350.SZ,2026-03-10,2026-03-12,-0.5781106505060872,15.22,15.54,15.2,北京科锐,北京,电气设备,主板,L,2010-02-03 00:00:00,N,民营企业,https://stockpage.10jqka.com.cn/002350/
品字形,605358.SH,2026-02-25,2026-02-27,-0.5787448409653094,41.72,42.29,41.81,立昂微,浙江,半导体,主板,L,2020-09-11 00:00:00,H,民营企业,https://stockpage.10jqka.com.cn/605358/
品字形,300818.SZ,2026-01-14,2026-01-16,-0.5790144343267176,39.07,39.7,39.01,耐普矿机,江西,专用机械,创业板,L,2020-02-12 00:00:00,N,民营企业,https://stockpage.10jqka.com.cn/300818/
品字形,688653.SH,2026-03-05,2026-03-09,-0.5793881352804464,13.59,13.83,13.6,康希通信,上海,半导体,科创板,L,2023-11-17 00:00:00,H,自然人,https://stockpage.10jqka.com.cn/688653/
品字形,002570.SZ,2026-01-16,2026-01-20,-0.5800762590940866,6.33,6.5,6.34,贝因美,浙江,乳制品,主板,L,2011-04-12 00:00:00,S,民营企业,https://stockpage.10jqka.com.cn/002570/
品字形,002201.SZ,2026-01-23,2026-01-27,-0.5804190385656744,14.8,16.28,15.03,九鼎新材,江苏,玻璃,主板,L,2007-12-26 00:00:00,S,民营企业,https://stockpage.10jqka.com.cn/002201/
品字形,600336.SH,2026-03-05,2026-03-09,-0.5827594112386224,7.39,7.47,7.4,澳柯玛,山东,家用电器,主板,L,2000-12-29 00:00:00,H,地方国有企业,https://stockpage.10jqka.com.cn/600336/
品字形,301522.SZ,2025-12-12,2025-12-16,-0.5842262809163417,34.26,34.68,34.3,上大股份,河北,小金属,创业板,L,2024-10-16 00:00:00,S,民营企业,https://stockpage.10jqka.com.cn/301522/
品字形,300091.SZ,2025-12-30,2026-01-06,-0.5850513122759425,2.99,3.18,2.96,*ST金灵,江苏,机械基件,创业板,L,2010-06-25 00:00:00,N,民营企业,https://stockpage.10jqka.com.cn/300091/
品字形,600105.SH,2025-12-26,2025-12-30,-0.5853527362784045,25.88,26.14,25.91,永鼎股份,江苏,通信设备,主板,L,1997-09-29 00:00:00,H,民营企业,https://stockpage.10jqka.com.cn/600105/
品字形,600100.SH,2026-02-26,2026-03-02,-0.5857512161029684,9.37,9.52,9.35,同方股份,北京,IT设备,主板,L,1997-06-27 00:00:00,H,中央企业,https://stockpage.10jqka.com.cn/600100/
品字形,301005.SZ,2025-12-12,2025-12-16,-0.5858284788034079,96.78,101.7,97.5,超捷股份,上海,汽车配件,创业板,L,2021-06-01 00:00:00,S,民营企业,https://stockpage.10jqka.com.cn/301005/
品字形,002792.SZ,2026-01-23,2026-01-27,-0.5865987195284699,52.17,55.25,52.7,通宇通讯,广东,通信设备,主板,L,2016-03-28 00:00:00,S,民营企业,https://stockpage.10jqka.com.cn/002792/
品字形,603130.SH,2026-01-07,2026-01-09,-0.5867638056716121,55.4,56.32,55.3,云中马,浙江,纺织,主板,L,2022-11-18 00:00:00,H,民营企业,https://stockpage.10jqka.com.cn/603130/
品字形,301321.SZ,2026-03-05,2026-03-09,-0.5870131267855273,23.03,23.46,23.01,翰博高新,安徽,元器件,创业板,L,2022-08-18 00:00:00,N,民营企业,https://stockpage.10jqka.com.cn/301321/
品字形,300007.SZ,2026-03-05,2026-03-09,-0.588173294916682,48.28,48.95,48.28,汉威科技,河南,电器仪表,创业板,L,2009-10-30 00:00:00,S,民营企业,https://stockpage.10jqka.com.cn/300007/
品字形,600822.SH,2026-03-05,2026-03-09,-0.5883032285321003,10.45,10.63,10.47,上海物贸,上海,汽车服务,主板,L,1994-02-04 00:00:00,N,地方国有企业,https://stockpage.10jqka.com.cn/600822/
品字形,600838.SH,2026-03-05,2026-03-09,-0.5902543900888017,10.74,10.86,10.76,上海九百,上海,百货,主板,L,1994-02-24 00:00:00,N,地方国有企业,https://stockpage.10jqka.com.cn/600838/
品字形,301380.SZ,2025-12-31,2026-01-06,-0.590849681871504,37.8,38.98,37.92,挖金客,北京,软件服务,创业板,L,2022-10-25 00:00:00,N,民营企业,https://stockpage.10jqka.com.cn/301380/
品字形,603528.SH,2025-12-24,2025-12-26,-0.5910437128310437,10.62,10.74,10.62,多伦科技,江苏,软件服务,主板,L,2016-05-03 00:00:00,H,外资,https://stockpage.10jqka.com.cn/603528/
品字形,301491.SZ,2026-02-26,2026-03-02,-0.5917057008936998,57.82,58.85,58.03,汉桑科技,江苏,IT设备,创业板,L,2025-08-06 00:00:00,S,民营企业,https://stockpage.10jqka.com.cn/301491/
品字形,301392.SZ,2025-12-15,2025-12-17,-0.5929921487967796,141.09,142.42,140.91,汇成真空,广东,专用机械,创业板,L,2024-06-05 00:00:00,S,民营企业,https://stockpage.10jqka.com.cn/301392/
品字形,300307.SZ,2026-03-05,2026-03-09,-0.5941010460957519,6.99,7.07,6.99,慈星股份,浙江,纺织机械,创业板,L,2012-03-29 00:00:00,S,民营企业,https://stockpage.10jqka.com.cn/300307/
品字形,603400.SH,2026-02-26,2026-03-02,-0.5941322799051496,73.18,74.0,73.05,华之杰,江苏,机械基件,主板,L,2025-06-20 00:00:00,N,民营企业,https://stockpage.10jqka.com.cn/603400/
品字形,688077.SH,2025-12-19,2025-12-23,-0.5952715770912491,30.64,30.95,30.69,大地熊,安徽,矿物制品,科创板,L,2020-07-22 00:00:00,N,自然人,https://stockpage.10jqka.com.cn/688077/
品字形,300076.SZ,2026-03-05,2026-03-09,-0.5958645856090228,7.68,7.78,7.69,GQY视讯,浙江,IT设备,创业板,L,2010-04-30 00:00:00,N,地方国有企业,https://stockpage.10jqka.com.cn/300076/
品字形,605081.SH,2026-03-05,2026-03-09,-0.596280806707419,9.8,9.93,9.8,*ST太和,上海,环境保护,主板,L,2021-02-09 00:00:00,N,民营企业,https://stockpage.10jqka.com.cn/605081/
品字形,300051.SZ,2026-02-03,2026-02-05,-0.5964707756059183,10.47,11.15,10.43,琏升科技,江苏,综合类,创业板,L,2010-02-11 00:00:00,N,民营企业,https://stockpage.10jqka.com.cn/300051/
品字形,600824.SH,2026-01-06,2026-01-08,-0.5973598425948395,4.69,4.73,4.68,益民集团,上海,百货,主板,L,1994-02-04 00:00:00,N,地方国有企业,https://stockpage.10jqka.com.cn/600824/
品字形,300233.SZ,2026-03-05,2026-03-09,-0.5973703663941842,14.84,15.14,14.9,金城医药,山东,化学制药,创业板,L,2011-06-22 00:00:00,S,民营企业,https://stockpage.10jqka.com.cn/300233/
品字形,300449.SZ,2026-03-02,2026-03-04,-0.5976276849359828,8.43,8.55,8.43,汉邦高科,北京,IT设备,创业板,L,2015-04-22 00:00:00,N,民营企业,https://stockpage.10jqka.com.cn/300449/
品字形,002192.SZ,2025-12-23,2025-12-25,-0.5976468889706169,52.68,54.23,52.68,融捷股份,广东,小金属,主板,L,2007-12-05 00:00:00,S,民营企业,https://stockpage.10jqka.com.cn/002192/
品字形,603650.SH,2026-01-08,2026-01-12,-0.5997743453761106,56.73,57.62,56.66,彤程新材,上海,化工原料,主板,L,2018-06-27 00:00:00,H,外资,https://stockpage.10jqka.com.cn/603650/
品字形,300650.SZ,2026-03-05,2026-03-09,-0.5998201648197605,17.08,17.33,17.11,太龙股份,福建,元器件,创业板,L,2017-05-03 00:00:00,N,民营企业,https://stockpage.10jqka.com.cn/300650/
品字形,300591.SZ,2026-03-05,2026-03-09,-0.600548097092897,7.78,7.88,7.8,万里马,广东,服饰,创业板,L,2017-01-10 00:00:00,N,民营企业,https://stockpage.10jqka.com.cn/300591/
品字形,603031.SH,2026-03-05,2026-03-09,-0.6027181095323461,52.88,53.69,53.05,安孚科技,安徽,电气设备,主板,L,2016-08-22 00:00:00,H,民营企业,https://stockpage.10jqka.com.cn/603031/
品字形,688598.SH,2026-01-15,2026-01-19,-0.6031011425460611,30.7,31.15,30.63,金博股份,湖南,矿物制品,科创板,L,2020-05-18 00:00:00,H,自然人,https://stockpage.10jqka.com.cn/688598/
品字形,600138.SH,2026-01-06,2026-01-08,-0.6048319427851252,9.84,9.97,9.87,中青旅,北京,旅游景点,主板,L,1997-12-03 00:00:00,H,中央企业,https://stockpage.10jqka.com.cn/600138/
品字形,301302.SZ,2026-03-06,2026-03-10,-0.6057488833905201,33.0,33.68,32.99,华如科技,北京,软件服务,创业板,L,2022-06-23 00:00:00,N,民营企业,https://stockpage.10jqka.com.cn/301302/
品字形,002766.SZ,2026-01-12,2026-01-14,-0.6057569775239816,7.03,7.15,7.0,索菱股份,深圳,汽车配件,主板,L,2015-06-11 00:00:00,S,民营企业,https://stockpage.10jqka.com.cn/002766/
品字形,001366.SZ,2026-02-06,2026-02-10,-0.6071400469813235,14.89,15.38,14.99,播恩集团,江西,饲料,主板,L,2023-03-07 00:00:00,N,民营企业,https://stockpage.10jqka.com.cn/001366/
品字形,300249.SZ,2026-02-12,2026-02-24,-0.607548246910935,17.77,17.95,17.8,依米康,四川,IT设备,创业板,L,2011-08-03 00:00:00,S,民营企业,https://stockpage.10jqka.com.cn/300249/
品字形,688160.SH,2025-12-30,2026-01-05,-0.6087458808564764,145.99,152.5,147.0,步科股份,上海,电器仪表,科创板,L,2020-11-12 00:00:00,H,自然人,https://stockpage.10jqka.com.cn/688160/
品字形,301636.SZ,2026-02-06,2026-02-10,-0.6088683678036615,103.89,107.88,104.6,泽润新能,江苏,电气设备,创业板,L,2025-05-16 00:00:00,N,民营企业,https://stockpage.10jqka.com.cn/301636/
品字形,002756.SZ,2025-12-23,2025-12-25,-0.6096302829283047,50.54,51.93,50.46,永兴材料,浙江,小金属,主板,L,2015-05-15 00:00:00,S,民营企业,https://stockpage.10jqka.com.cn/002756/
品字形,002253.SZ,2026-03-05,2026-03-09,-0.6108273765681091,10.44,10.65,10.47,*ST智胜,四川,软件服务,主板,L,2008-06-23 00:00:00,N,民营企业,https://stockpage.10jqka.com.cn/002253/
品字形,300193.SZ,2026-03-05,2026-03-09,-0.6114355441205065,9.78,9.9,9.76,佳士科技,深圳,专用机械,创业板,L,2011-03-22 00:00:00,N,民营企业,https://stockpage.10jqka.com.cn/300193/
品字形,300959.SZ,2026-03-05,2026-03-09,-0.6124240200658084,81.98,82.9,81.76,线上线下,江苏,电信运营,创业板,L,2021-03-22 00:00:00,S,民营企业,https://stockpage.10jqka.com.cn/300959/
品字形,603220.SH,2026-02-26,2026-03-02,-0.6126757982132829,27.1,27.8,27.01,中贝通信,湖北,通信设备,主板,L,2018-11-15 00:00:00,H,民营企业,https://stockpage.10jqka.com.cn/603220/
品字形,300769.SZ,2025-12-23,2025-12-25,-0.6141722188452702,44.34,44.89,44.45,德方纳米,深圳,化工原料,创业板,L,2019-04-15 00:00:00,S,其他,https://stockpage.10jqka.com.cn/300769/
品字形,002243.SZ,2026-01-05,2026-01-07,-0.6152798913187902,10.75,10.86,10.74,力合科创,深圳,广告包装,主板,L,2008-05-28 00:00:00,S,地方国有企业,https://stockpage.10jqka.com.cn/002243/
品字形,688981.SH,2026-02-09,2026-02-11,-0.6160560565169629,114.93,116.2,115.01,中芯国际,上海,半导体,科创板,L,2020-07-16 00:00:00,H,其他,https://stockpage.10jqka.com.cn/688981/
品字形,300808.SZ,2026-01-26,2026-01-28,-0.6161747974855224,31.94,32.75,32.13,久量股份,湖北,家用电器,创业板,L,2019-11-29 00:00:00,N,地方国有企业,https://stockpage.10jqka.com.cn/300808/
品字形,301380.SZ,2026-01-07,2026-01-09,-0.6162247790629878,39.5,40.5,39.72,挖金客,北京,软件服务,创业板,L,2022-10-25 00:00:00,N,民营企业,https://stockpage.10jqka.com.cn/301380/
品字形,300835.SZ,2026-02-25,2026-02-27,-0.6165535057188182,89.52,91.06,89.75,龙磁科技,安徽,矿物制品,创业板,L,2020-05-25 00:00:00,S,民营企业,https://stockpage.10jqka.com.cn/300835/
品字形,688237.SH,2026-02-06,2026-02-10,-0.6165986625182953,48.89,49.85,48.98,超卓航科,湖北,航空,科创板,L,2022-07-01 00:00:00,N,自然人,https://stockpage.10jqka.com.cn/688237/
品字形,603072.SH,2026-01-06,2026-01-08,-0.6176061633050303,42.37,43.02,42.5,天和磁材,内蒙,矿物制品,主板,L,2025-01-03 00:00:00,H,民营企业,https://stockpage.10jqka.com.cn/603072/
品字形,300807.SZ,2026-03-05,2026-03-09,-0.6180089960674849,51.76,52.56,51.54,天迈科技,河南,软件服务,创业板,L,2019-12-19 00:00:00,N,外资,https://stockpage.10jqka.com.cn/300807/
品字形,688172.SH,2026-01-19,2026-01-21,-0.618135601118194,36.9,38.1,36.53,燕东微,北京,半导体,科创板,L,2022-12-16 00:00:00,H,企业,https://stockpage.10jqka.com.cn/688172/
品字形,002549.SZ,2025-12-12,2025-12-16,-0.6183121840012674,20.43,20.65,20.48,凯美特气,湖南,环境保护,主板,L,2011-02-18 00:00:00,S,外资,https://stockpage.10jqka.com.cn/002549/
品字形,002738.SZ,2026-02-11,2026-02-13,-0.6186102925175923,84.72,85.66,84.44,中矿资源,北京,小金属,主板,L,2014-12-30 00:00:00,S,民营企业,https://stockpage.10jqka.com.cn/002738/
品字形,000558.SZ,2026-03-05,2026-03-09,-0.6206468374825606,4.68,4.76,4.7,天府文旅,四川,旅游景点,主板,L,1994-05-09 00:00:00,S,地方国有企业,https://stockpage.10jqka.com.cn/000558/
品字形,603601.SH,2026-01-05,2026-01-07,-0.6211542890530058,12.99,13.53,13.11,再升科技,重庆,玻璃,主板,L,2015-01-22 00:00:00,N,民营企业,https://stockpage.10jqka.com.cn/603601/
品字形,603390.SH,2025-12-16,2025-12-18,-0.622500872183461,12.83,13.06,12.88,通达电气,广东,汽车配件,主板,L,2019-11-25 00:00:00,N,民营企业,https://stockpage.10jqka.com.cn/603390/
品字形,002406.SZ,2026-03-05,2026-03-09,-0.6227521599319182,7.96,8.1,8.0,远东传动,河南,汽车配件,主板,L,2010-05-18 00:00:00,S,民营企业,https://stockpage.10jqka.com.cn/002406/
品字形,301158.SZ,2026-01-23,2026-01-27,-0.6232294449429946,24.36,24.92,24.34,德石股份,山东,专用机械,创业板,L,2022-01-17 00:00:00,N,民营企业,https://stockpage.10jqka.com.cn/301158/
品字形,688259.SH,2026-03-05,2026-03-09,-0.6247117442439122,38.73,39.49,38.79,创耀科技,江苏,半导体,科创板,L,2022-01-12 00:00:00,N,自然人,https://stockpage.10jqka.com.cn/688259/
品字形,301025.SZ,2025-12-18,2025-12-29,-0.6247956563544051,9.62,10.2,9.79,读客文化,上海,出版业,创业板,L,2021-07-19 00:00:00,N,民营企业,https://stockpage.10jqka.com.cn/301025/
品字形,300792.SZ,2025-12-16,2025-12-18,-0.6253672391329677,27.63,27.99,27.68,壹网壹创,浙江,互联网,创业板,L,2019-09-27 00:00:00,S,民营企业,https://stockpage.10jqka.com.cn/300792/
品字形,002569.SZ,2026-01-29,2026-02-02,-0.6262243796954785,14.2,14.53,14.15,*ST步森,浙江,服饰,主板,L,2011-04-12 00:00:00,N,地方国有企业,https://stockpage.10jqka.com.cn/002569/
品字形,300681.SZ,2026-03-05,2026-03-09,-0.6262621224975653,23.22,23.59,23.21,英搏尔,广东,汽车配件,创业板,L,2017-07-25 00:00:00,S,民营企业,https://stockpage.10jqka.com.cn/300681/
品字形,601011.SH,2026-01-22,2026-01-26,-0.6269496388143909,3.45,3.49,3.44,宝泰隆,黑龙江,焦炭加工,主板,L,2011-03-09 00:00:00,H,民营企业,https://stockpage.10jqka.com.cn/601011/
品字形,000793.SZ,2026-03-05,2026-03-09,-0.627303898097037,2.85,2.88,2.84,ST华闻,海南,出版业,主板,L,1997-07-29 00:00:00,N,中央企业,https://stockpage.10jqka.com.cn/000793/
品字形,300943.SZ,2026-03-05,2026-03-09,-0.6274700330680354,34.89,35.98,34.63,春晖智控,浙江,机械基件,创业板,L,2021-02-10 00:00:00,N,民营企业,https://stockpage.10jqka.com.cn/300943/
品字形,600326.SH,2026-03-05,2026-03-09,-0.6279073439947155,10.68,10.89,10.74,西藏天路,西藏,水泥,主板,L,2001-01-16 00:00:00,H,地方国有企业,https://stockpage.10jqka.com.cn/600326/
品字形,600006.SH,2026-01-12,2026-01-14,-0.6283537467049178,7.38,7.45,7.37,东风股份,湖北,汽车整车,主板,L,1999-07-27 00:00:00,H,中央企业,https://stockpage.10jqka.com.cn/600006/
品字形,605060.SH,2026-02-25,2026-02-27,-0.6289496185770558,68.28,73.0,69.58,联德股份,浙江,机械基件,主板,L,2021-03-01 00:00:00,H,民营企业,https://stockpage.10jqka.com.cn/605060/
品字形,605305.SH,2026-03-05,2026-03-09,-0.629572853034819,37.6,38.05,37.6,中际联合,北京,工程机械,主板,L,2021-05-06 00:00:00,H,民营企业,https://stockpage.10jqka.com.cn/605305/
品字形,300295.SZ,2026-01-19,2026-01-21,-0.6299993594818231,13.24,13.39,13.23,三六五网,江苏,互联网,创业板,L,2012-03-15 00:00:00,N,其他,https://stockpage.10jqka.com.cn/300295/
品字形,920418.BJ,2025-12-12,2025-12-16,-0.6301481365139515,30.2,30.53,30.21,苏轴股份,江苏,汽车配件,北交所,L,2020-07-27 00:00:00,N,地方国有企业,https://stockpage.10jqka.com.cn/920418/
品字形,301365.SZ,2026-02-09,2026-02-11,-0.6304666704371,24.98,25.7,24.96,矩阵股份,深圳,建筑工程,创业板,L,2022-11-22 00:00:00,N,民营企业,https://stockpage.10jqka.com.cn/301365/
品字形,002192.SZ,2026-02-11,2026-02-13,-0.6324501346228589,52.78,53.38,52.56,融捷股份,广东,小金属,主板,L,2007-12-05 00:00:00,S,民营企业,https://stockpage.10jqka.com.cn/002192/
品字形,001206.SZ,2026-01-19,2026-01-21,-0.6343010255578172,28.27,28.66,28.39,依依股份,天津,造纸,主板,L,2021-05-18 00:00:00,N,民营企业,https://stockpage.10jqka.com.cn/001206/
品字形,600839.SH,2026-01-14,2026-01-16,-0.6346481085435024,10.19,10.7,10.2,四川长虹,四川,家用电器,主板,L,1994-03-11 00:00:00,H,地方国有企业,https://stockpage.10jqka.com.cn/600839/
品字形,000893.SZ,2026-03-06,2026-03-10,-0.6350658144944882,64.01,66.0,64.19,亚钾国际,广东,农药化肥,主板,L,1998-12-24 00:00:00,S,其他,https://stockpage.10jqka.com.cn/000893/
品字形,600550.SH,2026-02-25,2026-02-27,-0.6357894494360089,17.4,17.77,17.48,保变电气,河北,电气设备,主板,L,2001-02-28 00:00:00,H,中央企业,https://stockpage.10jqka.com.cn/600550/
品字形,688275.SH,2025-12-23,2025-12-25,-0.6358906039771435,75.75,77.35,76.24,万润新能,湖北,电气设备,科创板,L,2022-09-29 00:00:00,H,自然人,https://stockpage.10jqka.com.cn/688275/
品字形,002865.SZ,2026-03-05,2026-03-09,-0.6364355270277746,87.02,92.0,87.42,钧达股份,海南,电气设备,主板,L,2017-04-25 00:00:00,S,民营企业,https://stockpage.10jqka.com.cn/002865/
品字形,920564.BJ,2026-02-26,2026-03-02,-0.637212622479079,28.96,29.38,28.96,天润科技,陕西,软件服务,北交所,L,2022-06-17 00:00:00,N,民营企业,https://stockpage.10jqka.com.cn/920564/
品字形,001359.SZ,2026-03-05,2026-03-09,-0.6375728415169346,77.16,77.99,77.06,平安电工,湖北,矿物制品,主板,L,2024-03-28 00:00:00,S,民营企业,https://stockpage.10jqka.com.cn/001359/
品字形,300875.SZ,2026-03-03,2026-03-05,-0.6403933278764894,54.06,55.79,53.74,捷强装备,天津,专用机械,创业板,L,2020-08-24 00:00:00,N,民营企业,https://stockpage.10jqka.com.cn/300875/
品字形,002129.SZ,2026-02-04,2026-02-06,-0.6441489925168338,10.57,10.74,10.62,TCL中环,天津,电气设备,主板,L,2007-04-20 00:00:00,S,其他,https://stockpage.10jqka.com.cn/002129/
品字形,300085.SZ,2026-02-04,2026-02-06,-0.6454614223087158,39.09,39.93,39.17,银之杰,深圳,软件服务,创业板,L,2010-05-26 00:00:00,S,其他,https://stockpage.10jqka.com.cn/300085/
品字形,002548.SZ,2026-03-05,2026-03-09,-0.6467761102880889,6.67,6.75,6.65,金新农,深圳,饲料,主板,L,2011-02-18 00:00:00,N,其他,https://stockpage.10jqka.com.cn/002548/
品字形,603757.SH,2026-02-25,2026-02-27,-0.6473820760526405,44.73,46.42,45.3,大元泵业,浙江,机械基件,主板,L,2017-07-11 00:00:00,H,民营企业,https://stockpage.10jqka.com.cn/603757/
品字形,600289.SH,2026-02-26,2026-03-02,-0.6474318205098706,6.98,7.25,7.06,ST信通,黑龙江,软件服务,主板,L,2000-07-20 00:00:00,N,民营企业,https://stockpage.10jqka.com.cn/600289/
品字形,002917.SZ,2026-01-19,2026-01-21,-0.6474474461096217,14.5,14.74,14.58,金奥博,深圳,化工原料,主板,L,2017-12-08 00:00:00,N,民营企业,https://stockpage.10jqka.com.cn/002917/
品字形,600916.SH,2026-01-20,2026-01-22,-0.6474490596658665,8.33,8.49,8.38,中国黄金,北京,服饰,主板,L,2021-02-05 00:00:00,H,中央企业,https://stockpage.10jqka.com.cn/600916/
品字形,600531.SH,2025-12-26,2025-12-30,-0.648753086482188,11.8,12.24,11.93,豫光金铅,河南,铅锌,主板,L,2002-07-30 00:00:00,H,地方国有企业,https://stockpage.10jqka.com.cn/600531/
品字形,002592.SZ,2026-01-30,2026-02-03,-0.649071224087549,10.51,10.98,10.67,ST八菱,广西,汽车配件,主板,L,2011-11-11 00:00:00,N,民营企业,https://stockpage.10jqka.com.cn/002592/
品字形,603993.SH,2026-01-06,2026-01-08,-0.6500624587801989,21.68,21.97,21.68,洛阳钼业,河南,小金属,主板,L,2012-10-09 00:00:00,H,民营企业,https://stockpage.10jqka.com.cn/603993/
品字形,002565.SZ,2026-02-03,2026-02-05,-0.6504822980777226,16.93,17.87,17.14,顺灏股份,上海,造纸,主板,L,2011-03-18 00:00:00,S,外资,https://stockpage.10jqka.com.cn/002565/
品字形,688603.SH,2026-02-26,2026-03-02,-0.6505600733420872,85.21,87.5,85.68,天承科技,上海,化工原料,科创板,L,2023-07-10 00:00:00,H,自然人,https://stockpage.10jqka.com.cn/688603/
品字形,600079.SH,2026-01-29,2026-02-02,-0.6526370684899713,18.18,18.38,18.19,ST人福,湖北,化学制药,主板,L,1997-06-06 00:00:00,N,中央企业,https://stockpage.10jqka.com.cn/600079/
品字形,301314.SZ,2026-02-04,2026-02-06,-0.6546805085454327,48.44,50.21,48.3,科瑞思,广东,元器件,创业板,L,2023-03-28 00:00:00,N,民营企业,https://stockpage.10jqka.com.cn/301314/
品字形,003009.SZ,2025-12-25,2025-12-29,-0.6567117757051112,68.57,70.83,69.12,中天火箭,陕西,航空,主板,L,2020-09-25 00:00:00,S,中央企业,https://stockpage.10jqka.com.cn/003009/
品字形,003016.SZ,2026-03-05,2026-03-09,-0.6571381026100075,8.37,8.52,8.41,欣贺股份,福建,服饰,主板,L,2020-10-26 00:00:00,N,外资,https://stockpage.10jqka.com.cn/003016/
品字形,600593.SH,2026-01-19,2026-01-21,-0.6575355073989373,48.53,50.15,49.04,大连圣亚,辽宁,旅游景点,主板,L,2002-07-11 00:00:00,N,地方国有企业,https://stockpage.10jqka.com.cn/600593/
品字形,603269.SH,2026-02-03,2026-02-05,-0.6576597792240607,12.41,12.7,12.49,海鸥股份,江苏,机械基件,主板,L,2017-05-17 00:00:00,N,民营企业,https://stockpage.10jqka.com.cn/603269/
品字形,002365.SZ,2026-01-19,2026-01-21,-0.6588629023844295,15.61,15.87,15.68,永安药业,湖北,化学制药,主板,L,2010-03-05 00:00:00,S,民营企业,https://stockpage.10jqka.com.cn/002365/
品字形,300053.SZ,2025-12-26,2025-12-30,-0.6593743319779886,18.21,18.6,18.33,航宇微,广东,半导体,创业板,L,2010-02-11 00:00:00,S,地方国有企业,https://stockpage.10jqka.com.cn/300053/
品字形,601212.SH,2025-12-26,2025-12-30,-0.6596554802951157,5.87,6.24,5.95,白银有色,甘肃,铜,主板,L,2017-02-15 00:00:00,H,其他,https://stockpage.10jqka.com.cn/601212/
品字形,688718.SH,2026-02-26,2026-03-02,-0.660503425765377,15.43,15.86,15.58,唯赛勃,上海,塑料,科创板,L,2021-07-28 00:00:00,N,自然人,https://stockpage.10jqka.com.cn/688718/
品字形,002237.SZ,2025-12-26,2025-12-30,-0.660665949436355,13.37,13.54,13.36,恒邦股份,山东,黄金,主板,L,2008-05-20 00:00:00,S,地方国有企业,https://stockpage.10jqka.com.cn/002237/
品字形,300051.SZ,2026-01-19,2026-01-21,-0.6609475564167255,8.54,8.75,8.58,琏升科技,江苏,综合类,创业板,L,2010-02-11 00:00:00,N,民营企业,https://stockpage.10jqka.com.cn/300051/
品字形,920394.BJ,2025-12-24,2025-12-26,-0.661933275024361,38.4,39.8,38.78,民士达,山东,造纸,北交所,L,2023-04-25 00:00:00,N,地方国有企业,https://stockpage.10jqka.com.cn/920394/
品字形,688334.SH,2026-02-25,2026-02-27,-0.6628328844004123,24.85,25.43,25.02,西高院,陕西,电气设备,科创板,L,2023-06-19 00:00:00,H,企业,https://stockpage.10jqka.com.cn/688334/
品字形,301387.SZ,2026-02-26,2026-03-02,-0.6633887689520211,60.94,61.82,61.25,光大同创,深圳,元器件,创业板,L,2023-04-18 00:00:00,N,民营企业,https://stockpage.10jqka.com.cn/301387/
品字形,603138.SH,2026-02-26,2026-03-02,-0.6634432655692948,22.26,22.8,22.3,海量数据,北京,软件服务,主板,L,2017-03-06 00:00:00,N,民营企业,https://stockpage.10jqka.com.cn/603138/
品字形,600979.SH,2026-02-26,2026-03-02,-0.6641379545515397,5.03,5.13,5.06,广安爱众,四川,水力发电,主板,L,2004-09-06 00:00:00,H,地方国有企业,https://stockpage.10jqka.com.cn/600979/
品字形,603163.SH,2026-02-26,2026-03-02,-0.6646921184365205,143.07,145.74,141.6,圣晖集成,江苏,建筑工程,主板,L,2022-10-13 00:00:00,N,其他,https://stockpage.10jqka.com.cn/603163/
品字形,300015.SZ,2026-02-04,2026-02-06,-0.6651837547799403,11.23,11.51,11.07,爱尔眼科,湖南,医疗保健,创业板,L,2009-10-30 00:00:00,S,民营企业,https://stockpage.10jqka.com.cn/300015/
品字形,920527.BJ,2026-01-12,2026-01-14,-0.6654173568925202,19.2,19.46,19.21,夜光明,浙江,化工原料,北交所,L,2022-10-27 00:00:00,N,民营企业,https://stockpage.10jqka.com.cn/920527/
品字形,300215.SZ,2026-02-02,2026-02-04,-0.6655592815986268,9.68,9.82,9.62,电科院,江苏,电气设备,创业板,L,2011-05-11 00:00:00,N,民营企业,https://stockpage.10jqka.com.cn/300215/
品字形,603607.SH,2026-02-12,2026-02-24,-0.665731166240232,24.83,25.54,24.44,京华激光,浙江,造纸,主板,L,2017-10-25 00:00:00,N,民营企业,https://stockpage.10jqka.com.cn/603607/
品字形,300552.SZ,2025-12-16,2025-12-18,-0.6677499168223701,28.06,29.26,28.5,万集科技,北京,IT设备,创业板,L,2016-10-21 00:00:00,S,民营企业,https://stockpage.10jqka.com.cn/300552/
品字形,688315.SH,2026-03-05,2026-03-09,-0.6678938850068534,14.19,14.42,14.27,诺禾致源,北京,医疗保健,科创板,L,2021-04-13 00:00:00,H,自然人,https://stockpage.10jqka.com.cn/688315/
品字形,300051.SZ,2026-01-23,2026-01-27,-0.6686495229599588,10.8,11.23,10.96,琏升科技,江苏,综合类,创业板,L,2010-02-11 00:00:00,N,民营企业,https://stockpage.10jqka.com.cn/300051/
品字形,600207.SH,2026-02-26,2026-03-02,-0.6689213222125293,5.49,5.65,5.53,安彩高科,河南,电气设备,主板,L,1999-07-14 00:00:00,H,地方国有企业,https://stockpage.10jqka.com.cn/600207/
品字形,603283.SH,2026-01-06,2026-01-08,-0.6694197241024552,45.62,47.3,45.21,赛腾股份,江苏,专用机械,主板,L,2017-12-25 00:00:00,H,民营企业,https://stockpage.10jqka.com.cn/603283/
品字形,920198.BJ,2026-01-07,2026-01-09,-0.6707471244355713,11.02,11.22,10.92,微创光电,湖北,IT设备,北交所,L,2020-07-27 00:00:00,N,地方国有企业,https://stockpage.10jqka.com.cn/920198/
品字形,688432.SH,2026-02-25,2026-02-27,-0.6715455491819218,17.76,17.95,17.66,有研硅,北京,半导体,科创板,L,2022-11-10 00:00:00,H,自然人,https://stockpage.10jqka.com.cn/688432/
品字形,605258.SH,2026-03-05,2026-03-09,-0.6717079407556508,34.5,35.0,34.68,协和电子,江苏,元器件,主板,L,2020-12-03 00:00:00,N,民营企业,https://stockpage.10jqka.com.cn/605258/
品字形,601086.SH,2026-03-05,2026-03-09,-0.6728174562821256,9.08,9.19,9.12,国芳集团,甘肃,百货,主板,L,2017-09-29 00:00:00,H,民营企业,https://stockpage.10jqka.com.cn/601086/
品字形,002352.SZ,2026-03-05,2026-03-09,-0.6732893291958391,36.72,37.25,36.91,顺丰控股,深圳,仓储物流,主板,L,2010-02-05 00:00:00,S,民营企业,https://stockpage.10jqka.com.cn/002352/
品字形,000902.SZ,2026-01-08,2026-01-12,-0.6734017770284156,15.82,15.96,15.8,新洋丰,湖北,农药化肥,主板,L,1999-04-08 00:00:00,S,民营企业,https://stockpage.10jqka.com.cn/000902/
品字形,688247.SH,2026-02-06,2026-02-10,-0.6735524901975871,10.41,10.55,10.45,宣泰医药,上海,化学制药,科创板,L,2022-08-25 00:00:00,H,企业,https://stockpage.10jqka.com.cn/688247/
品字形,603059.SH,2026-02-04,2026-02-06,-0.6748584009039205,40.79,42.48,41.3,倍加洁,江苏,日用化工,主板,L,2018-03-02 00:00:00,N,民营企业,https://stockpage.10jqka.com.cn/603059/
品字形,300801.SZ,2026-01-20,2026-01-22,-0.6748980280496323,34.84,35.82,35.22,泰和科技,山东,化工原料,创业板,L,2019-11-28 00:00:00,S,民营企业,https://stockpage.10jqka.com.cn/300801/
品字形,300866.SZ,2026-02-04,2026-02-06,-0.6752852051524737,101.78,104.26,102.72,安克创新,湖南,元器件,创业板,L,2020-08-24 00:00:00,S,民营企业,https://stockpage.10jqka.com.cn/300866/
品字形,688048.SH,2026-01-15,2026-01-19,-0.6754881204647433,128.52,130.22,128.0,长光华芯,江苏,半导体,科创板,L,2022-04-01 00:00:00,H,其他,https://stockpage.10jqka.com.cn/688048/
品字形,300346.SZ,2025-12-15,2025-12-17,-0.6767749145106071,47.05,47.71,47.22,南大光电,江苏,半导体,创业板,L,2012-08-07 00:00:00,S,其他,https://stockpage.10jqka.com.cn/300346/
品字形,605222.SH,2026-02-26,2026-03-02,-0.6781470573124277,21.75,21.98,21.8,起帆电缆,上海,电气设备,主板,L,2020-07-31 00:00:00,H,民营企业,https://stockpage.10jqka.com.cn/605222/
品字形,688239.SH,2026-03-05,2026-03-09,-0.6782336328788239,73.1,75.22,73.49,航宇科技,贵州,航空,科创板,L,2021-07-05 00:00:00,H,自然人,https://stockpage.10jqka.com.cn/688239/
品字形,600105.SH,2026-01-28,2026-01-30,-0.6788023746967113,26.3,26.87,26.43,永鼎股份,江苏,通信设备,主板,L,1997-09-29 00:00:00,H,民营企业,https://stockpage.10jqka.com.cn/600105/
品字形,002575.SZ,2026-01-28,2026-01-30,-0.679046414736501,7.11,7.4,7.2,群兴玩具,广东,文教休闲,主板,L,2011-04-22 00:00:00,S,其他,https://stockpage.10jqka.com.cn/002575/
品字形,603601.SH,2026-02-25,2026-02-27,-0.6806131769974721,13.02,13.23,13.1,再升科技,重庆,玻璃,主板,L,2015-01-22 00:00:00,N,民营企业,https://stockpage.10jqka.com.cn/603601/
品字形,688213.SH,2026-02-26,2026-03-02,-0.6816153590157533,96.36,97.41,96.58,思特威-W,上海,半导体,科创板,L,2022-05-20 00:00:00,H,自然人,https://stockpage.10jqka.com.cn/688213/
品字形,000610.SZ,2026-01-14,2026-01-16,-0.682336605305894,13.11,13.33,13.17,西安旅游,陕西,旅游服务,主板,L,1996-09-26 00:00:00,N,地方国有企业,https://stockpage.10jqka.com.cn/000610/
品字形,300793.SZ,2026-03-05,2026-03-09,-0.6824095003808524,15.98,16.1,15.91,佳禾智能,广东,IT设备,创业板,L,2019-10-18 00:00:00,S,民营企业,https://stockpage.10jqka.com.cn/300793/
品字形,300729.SZ,2026-03-05,2026-03-09,-0.6824893932179259,13.43,13.69,13.5,乐歌股份,浙江,家居用品,创业板,L,2017-12-01 00:00:00,S,民营企业,https://stockpage.10jqka.com.cn/300729/
品字形,603599.SH,2026-03-06,2026-03-10,-0.6828829884072998,14.74,14.9,14.8,广信股份,安徽,农药化肥,主板,L,2015-05-13 00:00:00,H,民营企业,https://stockpage.10jqka.com.cn/603599/
品字形,603938.SH,2026-02-25,2026-02-27,-0.6834394291129926,26.88,28.37,27.41,三孚股份,河北,化工原料,主板,L,2017-06-28 00:00:00,H,民营企业,https://stockpage.10jqka.com.cn/603938/
品字形,600470.SH,2026-01-23,2026-01-27,-0.6843302556600662,6.72,6.79,6.68,六国化工,安徽,农药化肥,主板,L,2004-03-05 00:00:00,N,其他,https://stockpage.10jqka.com.cn/600470/
品字形,002199.SZ,2025-12-29,2025-12-31,-0.6844643463501561,8.56,8.7,8.49,*ST东晶,浙江,元器件,主板,L,2007-12-21 00:00:00,N,民营企业,https://stockpage.10jqka.com.cn/002199/
品字形,000426.SZ,2026-01-20,2026-01-22,-0.6851471254064413,51.75,54.2,52.66,兴业银锡,内蒙,铅锌,主板,L,1996-08-28 00:00:00,S,民营企业,https://stockpage.10jqka.com.cn/000426/
品字形,300531.SZ,2026-03-05,2026-03-09,-0.6855504940604022,16.2,16.48,16.3,优博讯,深圳,IT设备,创业板,L,2016-08-09 00:00:00,S,外资,https://stockpage.10jqka.com.cn/300531/
品字形,600875.SH,2026-03-05,2026-03-09,-0.6866051029158647,42.21,44.22,43.0,东方电气,四川,电气设备,主板,L,1995-10-10 00:00:00,H,中央企业,https://stockpage.10jqka.com.cn/600875/
品字形,603607.SH,2025-12-29,2025-12-31,-0.6882458392299515,27.14,27.59,27.3,京华激光,浙江,造纸,主板,L,2017-10-25 00:00:00,N,民营企业,https://stockpage.10jqka.com.cn/603607/
品字形,301018.SZ,2026-03-05,2026-03-09,-0.689199840087175,102.73,106.66,101.01,申菱环境,广东,专用机械,创业板,L,2021-07-07 00:00:00,S,民营企业,https://stockpage.10jqka.com.cn/301018/
品字形,301595.SZ,2026-03-05,2026-03-09,-0.690759044255579,62.47,65.23,63.53,太力科技,广东,橡胶,创业板,L,2025-05-19 00:00:00,N,民营企业,https://stockpage.10jqka.com.cn/301595/
品字形,300512.SZ,2026-03-05,2026-03-09,-0.6911746437005166,10.31,10.43,10.35,中亚股份,浙江,专用机械,创业板,L,2016-05-26 00:00:00,N,民营企业,https://stockpage.10jqka.com.cn/300512/
品字形,601898.SH,2026-02-04,2026-02-06,-0.6911993342007223,14.08,14.32,14.18,中煤能源,北京,煤炭开采,主板,L,2008-02-01 00:00:00,H,中央企业,https://stockpage.10jqka.com.cn/601898/
品字形,002518.SZ,2026-02-06,2026-02-10,-0.6914439265123195,51.8,53.15,52.09,科士达,深圳,电气设备,主板,L,2010-12-07 00:00:00,S,民营企业,https://stockpage.10jqka.com.cn/002518/
品字形,300054.SZ,2026-01-07,2026-01-09,-0.6915803919277584,44.83,45.54,45.01,鼎龙股份,湖北,化工原料,创业板,L,2010-02-11 00:00:00,S,民营企业,https://stockpage.10jqka.com.cn/300054/
品字形,002028.SZ,2026-03-05,2026-03-09,-0.6918371889344727,230.7,233.51,229.06,思源电气,上海,电气设备,主板,L,2004-08-05 00:00:00,S,民营企业,https://stockpage.10jqka.com.cn/002028/
品字形,000531.SZ,2026-03-06,2026-03-10,-0.6918659389487942,7.07,7.15,7.1,穗恒运Ａ,广东,火力发电,主板,L,1994-01-06 00:00:00,S,地方国有企业,https://stockpage.10jqka.com.cn/000531/
品字形,600251.SH,2026-01-28,2026-01-30,-0.69252170316049,10.92,11.14,10.86,冠农股份,新疆,农业综合,主板,L,2003-06-09 00:00:00,H,地方国有企业,https://stockpage.10jqka.com.cn/600251/
品字形,301326.SZ,2026-03-05,2026-03-09,-0.6927671429019622,147.17,154.0,147.1,捷邦科技,广东,元器件,创业板,L,2022-09-21 00:00:00,S,民营企业,https://stockpage.10jqka.com.cn/301326/
品字形,301199.SZ,2026-01-15,2026-01-19,-0.6931745858417924,24.74,25.04,24.86,迈赫股份,山东,专用机械,创业板,L,2021-12-07 00:00:00,N,民营企业,https://stockpage.10jqka.com.cn/301199/
品字形,600229.SH,2026-03-05,2026-03-09,-0.6932979753848096,6.24,6.32,6.27,城市传媒,山东,出版业,主板,L,2000-03-09 00:00:00,H,地方国有企业,https://stockpage.10jqka.com.cn/600229/
品字形,600340.SH,2026-01-07,2026-01-09,-0.6935789342968114,2.26,2.29,2.25,华夏幸福,河北,园区开发,主板,L,2003-12-30 00:00:00,H,民营企业,https://stockpage.10jqka.com.cn/600340/
品字形,002593.SZ,2026-03-05,2026-03-09,-0.6936971368017347,5.73,5.83,5.77,日上集团,福建,钢加工,主板,L,2011-06-28 00:00:00,N,民营企业,https://stockpage.10jqka.com.cn/002593/
V字形,301176.SZ,2026-03-06,2026-03-10,79.4962,26.5,25.19,28.97,逸豪新材,江西,元器件,创业板,L,2022-09-28 00:00:00,N,民营企业,https://stockpage.10jqka.com.cn/301176/
V字形,300708.SZ,2026-03-03,2026-03-05,75.6711,10.58,10.43,12.52,聚灿光电,江苏,半导体,创业板,L,2017-10-16 00:00:00,S,民营企业,https://stockpage.10jqka.com.cn/300708/
V字形,688535.SH,2026-03-06,2026-03-10,74.5305,122.57,117.5,133.99,华海诚科,江苏,半导体,科创板,L,2023-04-04 00:00:00,H,自然人,https://stockpage.10jqka.com.cn/688535/
V字形,300875.SZ,2026-02-26,2026-03-02,71.6883,45.61,45.38,53.52,捷强装备,天津,专用机械,创业板,L,2020-08-24 00:00:00,N,民营企业,https://stockpage.10jqka.com.cn/300875/
V字形,688205.SH,2026-02-26,2026-03-02,70.5048,169.99,163.67,185.41,德科立,江苏,通信设备,科创板,L,2022-08-09 00:00:00,H,自然人,https://stockpage.10jqka.com.cn/688205/
V字形,600376.SH,2026-03-06,2026-03-10,70.2294,5.13,5.03,5.53,首开股份,北京,区域地产,主板,L,2001-03-12 00:00:00,H,地方国有企业,https://stockpage.10jqka.com.cn/600376/
V字形,300857.SZ,2026-02-10,2026-02-12,69.5961,217.02,214.3,247.99,协创数据,深圳,IT设备,创业板,L,2020-07-27 00:00:00,S,外资,https://stockpage.10jqka.com.cn/300857/
V字形,600673.SH,2026-01-30,2026-02-03,68.9697,27.24,26.46,29.11,东阳光,广东,综合类,主板,L,1993-09-17 00:00:00,H,民营企业,https://stockpage.10jqka.com.cn/600673/
V字形,688726.SH,2026-03-06,2026-03-10,68.8067,63.29,61.9,68.8,拉普拉斯,深圳,专用机械,科创板,L,2024-10-29 00:00:00,H,自然人,https://stockpage.10jqka.com.cn/688726/
V字形,688692.SH,2026-03-06,2026-03-10,67.9766,233.94,230.98,254.8,达梦数据,湖北,软件服务,科创板,L,2024-06-12 00:00:00,H,自然人,https://stockpage.10jqka.com.cn/688692/
V字形,688585.SH,2026-03-06,2026-03-10,66.5957,122.88,118.29,136.0,上纬新材,上海,化工原料,科创板,L,2020-09-28 00:00:00,H,自然人,https://stockpage.10jqka.com.cn/688585/
V字形,688605.SH,2026-01-05,2026-01-07,66.5933,65.03,64.57,73.5,先锋精科,江苏,半导体,科创板,L,2024-12-12 00:00:00,H,自然人,https://stockpage.10jqka.com.cn/688605/
V字形,301026.SZ,2026-01-26,2026-01-28,66.3749,35.71,33.96,39.4,浩通科技,江苏,小金属,创业板,L,2021-07-16 00:00:00,N,民营企业,https://stockpage.10jqka.com.cn/301026/
V字形,603119.SH,2026-03-06,2026-03-10,64.414,86.3,83.49,89.87,浙江荣泰,浙江,汽车配件,主板,L,2023-08-01 00:00:00,H,民营企业,https://stockpage.10jqka.com.cn/603119/
V字形,301330.SZ,2026-01-08,2026-01-12,64.3536,42.82,41.55,48.86,熵基科技,广东,IT设备,创业板,L,2022-08-17 00:00:00,S,民营企业,https://stockpage.10jqka.com.cn/301330/
V字形,603290.SH,2026-03-06,2026-03-10,64.0019,100.0,99.28,107.46,斯达半导,浙江,半导体,主板,L,2020-02-04 00:00:00,H,外资,https://stockpage.10jqka.com.cn/603290/
V字形,002951.SZ,2026-01-30,2026-02-03,63.8579,13.6,13.33,14.66,金时科技,四川,广告包装,主板,L,2019-03-15 00:00:00,S,民营企业,https://stockpage.10jqka.com.cn/002951/
V字形,688312.SH,2026-02-26,2026-03-02,63.7348,50.77,50.15,56.2,燕麦科技,深圳,专用机械,科创板,L,2020-06-08 00:00:00,N,自然人,https://stockpage.10jqka.com.cn/688312/
V字形,002475.SZ,2026-03-06,2026-03-10,63.5009,47.3,46.5,49.39,立讯精密,深圳,元器件,主板,L,2010-09-15 00:00:00,S,外资,https://stockpage.10jqka.com.cn/002475/
V字形,920971.BJ,2026-03-06,2026-03-10,62.4522,28.39,28.16,30.26,天马新材,河南,化工原料,北交所,L,2022-09-27 00:00:00,N,民营企业,https://stockpage.10jqka.com.cn/920971/
V字形,002634.SZ,2025-12-29,2025-12-31,61.99,5.16,5.14,5.65,棒杰股份,浙江,服饰,主板,L,2011-12-05 00:00:00,N,民营企业,https://stockpage.10jqka.com.cn/002634/
V字形,603601.SH,2026-03-06,2026-03-10,61.7008,11.76,11.46,12.35,再升科技,重庆,玻璃,主板,L,2015-01-22 00:00:00,N,民营企业,https://stockpage.10jqka.com.cn/603601/
V字形,688733.SH,2026-03-06,2026-03-10,61.6926,29.78,29.34,31.95,壹石通,安徽,矿物制品,科创板,L,2021-08-17 00:00:00,N,自然人,https://stockpage.10jqka.com.cn/688733/
V字形,920060.BJ,2026-03-06,2026-03-10,61.5241,33.41,32.8,35.14,万源通,江苏,元器件,北交所,L,2024-11-19 00:00:00,N,民营企业,https://stockpage.10jqka.com.cn/920060/
V字形,001337.SZ,2026-02-12,2026-02-24,61.3552,46.6,46.04,50.64,四川黄金,四川,黄金,主板,L,2023-03-03 00:00:00,S,地方国有企业,https://stockpage.10jqka.com.cn/001337/
V字形,600246.SH,2026-01-19,2026-01-21,61.1662,12.74,12.46,13.71,万通发展,北京,区域地产,主板,L,2000-09-22 00:00:00,H,民营企业,https://stockpage.10jqka.com.cn/600246/
V字形,603421.SH,2026-01-16,2026-01-20,60.6479,7.44,7.2,7.92,鼎信通讯,山东,通信设备,主板,L,2016-10-11 00:00:00,N,民营企业,https://stockpage.10jqka.com.cn/603421/
V字形,601330.SH,2026-03-09,2026-03-11,60.4623,7.62,7.61,8.37,绿色动力,深圳,环境保护,主板,L,2018-06-11 00:00:00,H,地方国有企业,https://stockpage.10jqka.com.cn/601330/
V字形,301387.SZ,2026-03-06,2026-03-10,60.0732,59.37,58.9,64.83,光大同创,深圳,元器件,创业板,L,2023-04-18 00:00:00,N,民营企业,https://stockpage.10jqka.com.cn/301387/
V字形,603331.SH,2026-03-06,2026-03-10,59.8849,16.67,16.19,17.28,百达精工,浙江,专用机械,主板,L,2017-07-05 00:00:00,N,民营企业,https://stockpage.10jqka.com.cn/603331/
V字形,301160.SZ,2026-03-06,2026-03-10,59.8781,64.21,63.38,66.93,翔楼新材,江苏,机械基件,创业板,L,2022-06-06 00:00:00,S,民营企业,https://stockpage.10jqka.com.cn/301160/
V字形,300986.SZ,2026-01-21,2026-01-23,59.7844,34.8,33.2,39.84,志特新材,江西,建筑工程,创业板,L,2021-04-30 00:00:00,S,民营企业,https://stockpage.10jqka.com.cn/300986/
V字形,002300.SZ,2026-02-02,2026-02-04,59.4111,8.7,8.69,9.56,太阳电缆,福建,电气设备,主板,L,2009-10-21 00:00:00,N,外资,https://stockpage.10jqka.com.cn/002300/
V字形,688662.SH,2026-03-06,2026-03-10,59.3461,65.75,62.15,71.78,富信科技,广东,元器件,科创板,L,2021-04-01 00:00:00,N,自然人,https://stockpage.10jqka.com.cn/688662/
V字形,301270.SZ,2026-02-05,2026-02-09,59.0494,37.88,37.63,39.96,汉仪股份,北京,软件服务,创业板,L,2022-08-31 00:00:00,N,民营企业,https://stockpage.10jqka.com.cn/301270/
V字形,300115.SZ,2026-03-06,2026-03-10,58.531,35.45,34.85,36.57,长盈精密,深圳,元器件,创业板,L,2010-09-02 00:00:00,S,民营企业,https://stockpage.10jqka.com.cn/300115/
V字形,002419.SZ,2026-01-07,2026-01-09,57.9313,5.68,5.63,6.03,天虹股份,深圳,百货,主板,L,2010-06-01 00:00:00,S,中央企业,https://stockpage.10jqka.com.cn/002419/
V字形,688036.SH,2026-02-03,2026-02-05,57.8299,58.43,58.3,61.33,传音控股,深圳,通信设备,科创板,L,2019-09-30 00:00:00,H,自然人,https://stockpage.10jqka.com.cn/688036/
V字形,300843.SZ,2026-03-06,2026-03-10,57.744,54.69,53.97,58.9,胜蓝股份,广东,元器件,创业板,L,2020-07-02 00:00:00,S,民营企业,https://stockpage.10jqka.com.cn/300843/
V字形,301201.SZ,2026-03-06,2026-03-10,57.6712,42.75,42.61,45.24,诚达药业,浙江,生物制药,创业板,L,2022-01-20 00:00:00,N,民营企业,https://stockpage.10jqka.com.cn/301201/
V字形,600345.SH,2026-02-04,2026-02-06,57.6072,37.11,36.36,40.0,长江通信,湖北,通信设备,主板,L,2000-12-22 00:00:00,H,中央企业,https://stockpage.10jqka.com.cn/600345/
V字形,000839.SZ,2026-03-06,2026-03-10,57.4902,3.31,3.29,3.62,国安股份,北京,综合类,主板,L,1997-10-31 00:00:00,S,中央企业,https://stockpage.10jqka.com.cn/000839/
V字形,603757.SH,2025-12-15,2025-12-17,57.4324,38.15,38.0,41.8,大元泵业,浙江,机械基件,主板,L,2017-07-11 00:00:00,H,民营企业,https://stockpage.10jqka.com.cn/603757/
V字形,002326.SZ,2025-12-24,2025-12-26,57.3528,24.77,24.6,27.06,永太科技,浙江,化工原料,主板,L,2009-12-22 00:00:00,S,民营企业,https://stockpage.10jqka.com.cn/002326/
V字形,301348.SZ,2026-01-16,2026-01-20,57.2952,34.37,32.01,35.87,蓝箭电子,广东,半导体,创业板,L,2023-08-10 00:00:00,S,民营企业,https://stockpage.10jqka.com.cn/301348/
V字形,301138.SZ,2026-01-15,2026-01-19,57.2135,42.66,42.47,46.95,华研精机,广东,专用机械,创业板,L,2021-12-15 00:00:00,N,民营企业,https://stockpage.10jqka.com.cn/301138/
V字形,601212.SH,2025-12-18,2025-12-22,57.1313,5.22,5.18,5.7,白银有色,甘肃,铜,主板,L,2017-02-15 00:00:00,H,其他,https://stockpage.10jqka.com.cn/601212/
V字形,002756.SZ,2025-12-24,2025-12-26,57.0091,51.93,50.46,55.51,永兴材料,浙江,小金属,主板,L,2015-05-15 00:00:00,S,民营企业,https://stockpage.10jqka.com.cn/002756/
V字形,300043.SZ,2025-12-30,2026-01-05,56.5312,5.67,5.65,6.0,星辉娱乐,广东,互联网,创业板,L,2010-01-20 00:00:00,S,民营企业,https://stockpage.10jqka.com.cn/300043/
V字形,301550.SZ,2026-03-06,2026-03-10,56.502,149.16,145.0,152.3,斯菱智驱,浙江,汽车配件,创业板,L,2023-09-15 00:00:00,S,民营企业,https://stockpage.10jqka.com.cn/301550/
V字形,688605.SH,2026-03-06,2026-03-10,56.3605,63.2,62.0,65.29,先锋精科,江苏,半导体,科创板,L,2024-12-12 00:00:00,H,自然人,https://stockpage.10jqka.com.cn/688605/
V字形,688766.SH,2026-01-23,2026-01-27,56.3223,225.34,222.22,255.0,普冉股份,上海,半导体,科创板,L,2021-08-23 00:00:00,H,自然人,https://stockpage.10jqka.com.cn/688766/
V字形,001283.SZ,2026-03-06,2026-03-10,56.1392,62.46,61.63,64.15,豪鹏科技,深圳,电气设备,主板,L,2022-09-05 00:00:00,S,民营企业,https://stockpage.10jqka.com.cn/001283/
V字形,002706.SZ,2026-03-06,2026-03-10,56.0587,11.76,11.73,12.6,良信股份,上海,电气设备,主板,L,2014-01-21 00:00:00,S,民营企业,https://stockpage.10jqka.com.cn/002706/
V字形,002297.SZ,2026-03-06,2026-03-10,56.0161,12.34,12.18,12.9,博云新材,湖南,航空,主板,L,2009-09-29 00:00:00,N,地方国有企业,https://stockpage.10jqka.com.cn/002297/
V字形,603211.SH,2026-03-06,2026-03-10,55.9667,21.22,21.12,22.58,晋拓股份,上海,汽车配件,主板,L,2022-07-25 00:00:00,H,民营企业,https://stockpage.10jqka.com.cn/603211/
V字形,002246.SZ,2026-01-15,2026-01-19,55.9123,19.94,19.85,21.28,北化股份,四川,化工原料,主板,L,2008-06-05 00:00:00,S,中央企业,https://stockpage.10jqka.com.cn/002246/
V字形,688516.SH,2026-01-06,2026-01-08,55.6132,53.56,52.3,58.5,奥特维,江苏,专用机械,科创板,L,2020-05-21 00:00:00,H,自然人,https://stockpage.10jqka.com.cn/688516/
V字形,002194.SZ,2026-03-06,2026-03-10,55.5496,12.15,12.01,12.61,武汉凡谷,湖北,通信设备,主板,L,2007-12-07 00:00:00,S,民营企业,https://stockpage.10jqka.com.cn/002194/
V字形,605258.SH,2026-03-06,2026-03-10,55.2811,35.0,34.68,36.61,协和电子,江苏,元器件,主板,L,2020-12-03 00:00:00,N,民营企业,https://stockpage.10jqka.com.cn/605258/
V字形,300709.SZ,2026-03-06,2026-03-10,55.2429,42.6,42.18,45.0,精研科技,江苏,元器件,创业板,L,2017-10-19 00:00:00,S,民营企业,https://stockpage.10jqka.com.cn/300709/
V字形,600149.SH,2026-02-27,2026-03-03,55.0802,6.29,6.06,6.34,廊坊发展,河北,综合类,主板,L,1999-10-14 00:00:00,N,地方国有企业,https://stockpage.10jqka.com.cn/600149/
V字形,301179.SZ,2026-02-27,2026-03-03,55.0541,17.86,17.68,18.88,泽宇智能,江苏,软件服务,创业板,L,2021-12-08 00:00:00,S,民营企业,https://stockpage.10jqka.com.cn/301179/
V字形,601929.SH,2026-02-05,2026-02-09,54.9662,3.73,3.71,3.94,吉视传媒,吉林,影视音像,主板,L,2012-02-23 00:00:00,H,地方国有企业,https://stockpage.10jqka.com.cn/601929/
V字形,301628.SZ,2026-03-06,2026-03-10,54.6093,111.91,108.99,116.17,强达电路,深圳,元器件,创业板,L,2024-10-31 00:00:00,S,民营企业,https://stockpage.10jqka.com.cn/301628/
V字形,603667.SH,2026-03-06,2026-03-10,54.3493,72.57,72.05,76.48,五洲新春,浙江,机械基件,主板,L,2016-10-25 00:00:00,H,民营企业,https://stockpage.10jqka.com.cn/603667/
V字形,688157.SH,2026-03-06,2026-03-10,54.3046,39.12,38.31,41.34,松井股份,湖南,染料涂料,科创板,L,2020-06-09 00:00:00,H,自然人,https://stockpage.10jqka.com.cn/688157/
V字形,301667.SZ,2025-12-25,2025-12-29,54.1437,84.28,81.9,90.8,纳百川,浙江,汽车配件,创业板,L,2025-12-23 00:00:00,S,民营企业,https://stockpage.10jqka.com.cn/301667/
V字形,600097.SH,2026-01-28,2026-01-30,53.8368,11.92,11.85,12.3,开创国际,上海,渔业,主板,L,1997-06-19 00:00:00,N,地方国有企业,https://stockpage.10jqka.com.cn/600097/
V字形,300147.SZ,2026-01-16,2026-01-20,53.7384,9.2,9.08,9.72,ST香雪,广东,中成药,创业板,L,2010-12-15 00:00:00,N,民营企业,https://stockpage.10jqka.com.cn/300147/
V字形,688260.SH,2026-03-06,2026-03-10,53.6513,30.05,29.33,31.13,昀冢科技,江苏,元器件,科创板,L,2021-04-06 00:00:00,N,自然人,https://stockpage.10jqka.com.cn/688260/
V字形,300777.SZ,2026-01-14,2026-01-16,53.4856,41.52,41.25,45.55,中简科技,江苏,化纤,创业板,L,2019-05-16 00:00:00,S,其他,https://stockpage.10jqka.com.cn/300777/
V字形,688711.SH,2026-02-10,2026-02-12,53.3592,30.85,30.77,33.02,宏微科技,江苏,半导体,科创板,L,2021-09-01 00:00:00,H,自然人,https://stockpage.10jqka.com.cn/688711/
V字形,300508.SZ,2026-03-06,2026-03-10,53.3222,41.97,41.38,43.61,维宏股份,上海,软件服务,创业板,L,2016-04-19 00:00:00,N,民营企业,https://stockpage.10jqka.com.cn/300508/
V字形,605178.SH,2026-01-08,2026-01-12,53.2587,55.77,55.5,60.18,时空科技,北京,装修装饰,主板,L,2020-08-21 00:00:00,N,民营企业,https://stockpage.10jqka.com.cn/605178/
V字形,603912.SH,2026-03-06,2026-03-10,53.2131,9.58,9.52,10.04,佳力图,江苏,专用机械,主板,L,2017-11-01 00:00:00,N,民营企业,https://stockpage.10jqka.com.cn/603912/
V字形,002460.SZ,2026-02-12,2026-02-24,53.1171,66.82,66.32,69.99,赣锋锂业,江西,小金属,主板,L,2010-08-10 00:00:00,S,民营企业,https://stockpage.10jqka.com.cn/002460/
V字形,000559.SZ,2026-03-06,2026-03-10,52.8691,17.89,17.66,18.37,万向钱潮,浙江,汽车配件,主板,L,1994-01-10 00:00:00,S,民营企业,https://stockpage.10jqka.com.cn/000559/
V字形,688141.SH,2026-03-06,2026-03-10,52.825,53.89,51.21,54.94,杰华特,浙江,半导体,科创板,L,2022-12-23 00:00:00,H,自然人,https://stockpage.10jqka.com.cn/688141/
V字形,605588.SH,2026-03-06,2026-03-10,52.7612,54.89,53.62,56.7,冠石科技,江苏,元器件,主板,L,2021-08-12 00:00:00,N,民营企业,https://stockpage.10jqka.com.cn/605588/
V字形,600531.SH,2026-02-12,2026-02-24,52.717,16.71,16.23,17.53,豫光金铅,河南,铅锌,主板,L,2002-07-30 00:00:00,H,地方国有企业,https://stockpage.10jqka.com.cn/600531/
V字形,301327.SZ,2026-01-07,2026-01-09,52.5896,60.47,60.4,64.01,华宝新能,深圳,电气设备,创业板,L,2022-09-19 00:00:00,S,民营企业,https://stockpage.10jqka.com.cn/301327/
V字形,603090.SH,2026-03-06,2026-03-10,52.3327,71.33,69.84,73.1,宏盛股份,江苏,专用机械,主板,L,2016-08-31 00:00:00,N,民营企业,https://stockpage.10jqka.com.cn/603090/
V字形,301568.SZ,2026-03-06,2026-03-10,52.2307,56.65,56.25,60.26,思泰克,福建,专用机械,创业板,L,2023-11-28 00:00:00,N,民营企业,https://stockpage.10jqka.com.cn/301568/
V字形,002986.SZ,2026-03-03,2026-03-05,52.1839,14.74,14.55,16.01,宇新股份,广东,化工原料,主板,L,2020-06-02 00:00:00,S,民营企业,https://stockpage.10jqka.com.cn/002986/
V字形,688130.SH,2025-12-30,2026-01-05,52.1789,21.0,20.94,21.7,晶华微,浙江,半导体,科创板,L,2022-07-29 00:00:00,N,自然人,https://stockpage.10jqka.com.cn/688130/
V字形,301538.SZ,2026-03-06,2026-03-10,52.169,80.0,79.67,85.45,骏鼎达,深圳,塑料,创业板,L,2024-03-20 00:00:00,S,民营企业,https://stockpage.10jqka.com.cn/301538/
V字形,688218.SH,2026-03-06,2026-03-10,52.1646,20.95,20.7,21.67,江苏北人,江苏,专用机械,科创板,L,2019-12-11 00:00:00,N,自然人,https://stockpage.10jqka.com.cn/688218/
V字形,920855.BJ,2026-01-28,2026-01-30,52.1248,19.47,19.16,20.17,浙江大农,浙江,机床制造,北交所,L,2022-12-29 00:00:00,N,民营企业,https://stockpage.10jqka.com.cn/920855/
V字形,002506.SZ,2026-02-27,2026-03-03,52.0323,5.01,4.69,5.16,协鑫集成,上海,电气设备,主板,L,2010-11-18 00:00:00,S,外资,https://stockpage.10jqka.com.cn/002506/
V字形,002931.SZ,2026-03-06,2026-03-10,52.011,80.62,78.25,83.81,锋龙股份,浙江,机械基件,主板,L,2018-04-03 00:00:00,N,民营企业,https://stockpage.10jqka.com.cn/002931/
V字形,002725.SZ,2026-03-06,2026-03-10,51.9385,16.59,16.29,17.12,跃岭股份,浙江,汽车配件,主板,L,2014-01-29 00:00:00,N,民营企业,https://stockpage.10jqka.com.cn/002725/
V字形,002866.SZ,2026-03-06,2026-03-10,51.9363,19.09,19.01,19.99,传艺科技,江苏,IT设备,主板,L,2017-04-26 00:00:00,S,民营企业,https://stockpage.10jqka.com.cn/002866/
V字形,300809.SZ,2026-03-06,2026-03-10,51.9008,35.2,34.57,36.05,华辰装备,江苏,机床制造,创业板,L,2019-12-04 00:00:00,S,民营企业,https://stockpage.10jqka.com.cn/300809/
V字形,601689.SH,2026-03-06,2026-03-10,51.8958,64.11,63.21,65.16,拓普集团,浙江,汽车配件,主板,L,2015-03-19 00:00:00,H,外资,https://stockpage.10jqka.com.cn/601689/
V字形,920092.BJ,2026-01-08,2026-01-12,51.7934,44.3,43.41,47.99,汉鑫科技,山东,软件服务,北交所,L,2021-11-15 00:00:00,N,民营企业,https://stockpage.10jqka.com.cn/920092/
V字形,300426.SZ,2026-02-05,2026-02-09,51.7423,9.2,9.06,9.73,华智数媒,浙江,影视音像,创业板,L,2015-02-17 00:00:00,N,地方国有企业,https://stockpage.10jqka.com.cn/300426/
V字形,002536.SZ,2026-03-06,2026-03-10,51.5994,36.47,34.63,38.09,飞龙股份,河南,汽车配件,主板,L,2011-01-11 00:00:00,S,民营企业,https://stockpage.10jqka.com.cn/002536/
V字形,300503.SZ,2026-03-06,2026-03-10,51.5498,49.4,49.06,50.8,昊志机电,广东,机械基件,创业板,L,2016-03-09 00:00:00,S,民营企业,https://stockpage.10jqka.com.cn/300503/
V字形,000792.SZ,2026-02-12,2026-02-24,51.4792,34.01,33.66,35.66,盐湖股份,青海,农药化肥,主板,L,1997-09-04 00:00:00,S,中央企业,https://stockpage.10jqka.com.cn/000792/
V字形,920092.BJ,2025-12-17,2025-12-19,51.4173,41.27,39.54,43.5,汉鑫科技,山东,软件服务,北交所,L,2021-11-15 00:00:00,N,民营企业,https://stockpage.10jqka.com.cn/920092/
V字形,688160.SH,2026-03-06,2026-03-10,51.4113,115.87,114.35,119.2,步科股份,上海,电器仪表,科创板,L,2020-11-12 00:00:00,H,自然人,https://stockpage.10jqka.com.cn/688160/
V字形,300197.SZ,2026-01-20,2026-01-22,51.2083,1.8,1.79,1.84,节能铁汉,深圳,环境保护,创业板,L,2011-03-29 00:00:00,S,中央企业,https://stockpage.10jqka.com.cn/300197/
V字形,002916.SZ,2026-01-14,2026-01-16,51.2004,222.82,222.5,232.66,深南电路,深圳,元器件,主板,L,2017-12-13 00:00:00,S,中央企业,https://stockpage.10jqka.com.cn/002916/
V字形,301361.SZ,2026-03-06,2026-03-10,51.1284,41.09,40.72,43.57,众智科技,河南,电气设备,创业板,L,2022-11-16 00:00:00,N,民营企业,https://stockpage.10jqka.com.cn/301361/
V字形,301313.SZ,2026-02-05,2026-02-09,51.0263,30.4,30.13,31.76,凡拓数创,广东,文教休闲,创业板,L,2022-09-30 00:00:00,N,民营企业,https://stockpage.10jqka.com.cn/301313/
V字形,300327.SZ,2026-01-16,2026-01-20,51.0146,30.25,30.02,31.28,中颖电子,上海,半导体,创业板,L,2012-06-13 00:00:00,S,其他,https://stockpage.10jqka.com.cn/300327/
V字形,603728.SH,2026-03-06,2026-03-10,50.9677,62.74,62.3,63.98,鸣志电器,上海,电气设备,主板,L,2017-05-09 00:00:00,H,民营企业,https://stockpage.10jqka.com.cn/603728/
V字形,301413.SZ,2026-03-06,2026-03-10,50.8771,128.86,126.89,132.2,安培龙,深圳,电器仪表,创业板,L,2023-12-18 00:00:00,S,民营企业,https://stockpage.10jqka.com.cn/301413/
V字形,920634.BJ,2026-01-26,2026-01-28,50.7448,32.24,30.5,34.04,新威凌,湖南,铅锌,北交所,L,2022-11-24 00:00:00,N,民营企业,https://stockpage.10jqka.com.cn/920634/
V字形,600888.SH,2025-12-24,2025-12-26,50.6303,7.98,7.95,8.22,新疆众和,新疆,铝,主板,L,1996-02-15 00:00:00,H,民营企业,https://stockpage.10jqka.com.cn/600888/
V字形,301581.SZ,2026-03-06,2026-03-10,50.4051,50.1,49.41,51.11,黄山谷捷,安徽,半导体,创业板,L,2025-01-03 00:00:00,N,地方国有企业,https://stockpage.10jqka.com.cn/301581/
V字形,002207.SZ,2026-01-26,2026-01-28,50.3733,9.41,9.24,10.16,准油股份,新疆,石油开采,主板,L,2008-01-28 00:00:00,N,地方国有企业,https://stockpage.10jqka.com.cn/002207/
V字形,605277.SH,2026-02-05,2026-02-09,50.3159,24.47,24.18,25.15,新亚电子,浙江,元器件,主板,L,2021-01-06 00:00:00,H,民营企业,https://stockpage.10jqka.com.cn/605277/
V字形,301631.SZ,2026-03-06,2026-03-10,50.2723,93.61,92.94,96.61,壹连科技,深圳,元器件,创业板,L,2024-11-22 00:00:00,S,民营企业,https://stockpage.10jqka.com.cn/301631/
V字形,688593.SH,2026-01-30,2026-02-03,50.2522,24.76,24.13,26.42,新相微,上海,半导体,科创板,L,2023-06-01 00:00:00,H,自然人,https://stockpage.10jqka.com.cn/688593/
V字形,300447.SZ,2026-03-06,2026-03-10,50.0895,21.36,20.74,21.97,全信股份,江苏,电气设备,创业板,L,2015-04-22 00:00:00,N,民营企业,https://stockpage.10jqka.com.cn/300447/
V字形,603006.SH,2026-03-06,2026-03-10,50.0203,13.54,13.44,14.05,联明股份,上海,汽车配件,主板,L,2014-06-30 00:00:00,N,民营企业,https://stockpage.10jqka.com.cn/603006/
V字形,002815.SZ,2026-03-06,2026-03-10,49.91,15.1,14.79,15.69,崇达技术,深圳,元器件,主板,L,2016-10-12 00:00:00,S,民营企业,https://stockpage.10jqka.com.cn/002815/
V字形,603444.SH,2026-03-06,2026-03-10,49.8694,388.76,381.0,392.65,吉比特,福建,互联网,主板,L,2017-01-04 00:00:00,H,民营企业,https://stockpage.10jqka.com.cn/603444/
V字形,301449.SZ,2026-03-06,2026-03-10,49.8514,74.66,74.12,76.67,天溯计量,深圳,电器仪表,创业板,L,2025-12-23 00:00:00,S,民营企业,https://stockpage.10jqka.com.cn/301449/
V字形,000586.SZ,2026-03-06,2026-03-10,49.7735,15.89,15.7,16.68,汇源通信,四川,通信设备,主板,L,1995-12-20 00:00:00,N,其他,https://stockpage.10jqka.com.cn/000586/
V字形,920198.BJ,2026-01-08,2026-01-12,49.7656,11.22,10.92,11.77,微创光电,湖北,IT设备,北交所,L,2020-07-27 00:00:00,N,地方国有企业,https://stockpage.10jqka.com.cn/920198/
V字形,300426.SZ,2026-02-03,2026-02-05,49.7567,8.91,8.86,9.2,华智数媒,浙江,影视音像,创业板,L,2015-02-17 00:00:00,N,地方国有企业,https://stockpage.10jqka.com.cn/300426/
V字形,603978.SH,2025-12-24,2025-12-26,49.7409,29.11,28.83,31.71,深圳新星,深圳,小金属,主板,L,2017-08-07 00:00:00,N,民营企业,https://stockpage.10jqka.com.cn/603978/
V字形,000007.SZ,2026-03-06,2026-03-10,49.6802,13.27,13.23,14.09,全新好,深圳,其他商业,主板,L,1992-04-13 00:00:00,N,其他,https://stockpage.10jqka.com.cn/000007/
V字形,920509.BJ,2025-12-19,2025-12-23,49.6503,37.21,36.72,39.09,同惠电子,江苏,电器仪表,北交所,L,2021-01-11 00:00:00,N,民营企业,https://stockpage.10jqka.com.cn/920509/
V字形,300852.SZ,2026-03-06,2026-03-10,49.4225,48.36,47.0,50.34,四会富仕,广东,元器件,创业板,L,2020-07-13 00:00:00,S,民营企业,https://stockpage.10jqka.com.cn/300852/
V字形,603083.SH,2026-03-06,2026-03-10,49.3083,114.78,111.27,120.1,剑桥科技,上海,通信设备,主板,L,2017-11-10 00:00:00,H,外资,https://stockpage.10jqka.com.cn/603083/
V字形,603893.SH,2026-01-08,2026-01-12,49.1537,188.87,187.44,197.0,瑞芯微,福建,半导体,主板,L,2020-02-07 00:00:00,H,民营企业,https://stockpage.10jqka.com.cn/603893/
V字形,603421.SH,2026-03-06,2026-03-10,49.1132,8.41,8.37,9.21,鼎信通讯,山东,通信设备,主板,L,2016-10-11 00:00:00,N,民营企业,https://stockpage.10jqka.com.cn/603421/
V字形,300894.SZ,2026-02-05,2026-02-09,49.0833,11.69,11.67,12.05,火星人,浙江,家用电器,创业板,L,2020-12-31 00:00:00,S,民营企业,https://stockpage.10jqka.com.cn/300894/
V字形,688498.SH,2026-01-05,2026-01-07,49.0302,664.0,646.0,700.7,源杰科技,陕西,半导体,科创板,L,2022-12-21 00:00:00,H,自然人,https://stockpage.10jqka.com.cn/688498/
V字形,688589.SH,2026-03-06,2026-03-10,48.9976,23.8,23.73,24.86,力合微,深圳,半导体,科创板,L,2020-07-22 00:00:00,N,其他,https://stockpage.10jqka.com.cn/688589/
V字形,300899.SZ,2026-03-06,2026-03-10,48.9796,40.68,40.04,42.4,*ST凯鑫,上海,环境保护,创业板,L,2020-10-16 00:00:00,N,民营企业,https://stockpage.10jqka.com.cn/300899/
V字形,603186.SH,2026-02-05,2026-02-09,48.9413,66.35,66.12,72.35,华正新材,浙江,元器件,主板,L,2017-01-03 00:00:00,H,民营企业,https://stockpage.10jqka.com.cn/603186/
V字形,002425.SZ,2026-02-05,2026-02-09,48.8781,3.84,3.83,3.99,凯撒文化,广东,互联网,主板,L,2010-06-08 00:00:00,N,外资,https://stockpage.10jqka.com.cn/002425/
V字形,002156.SZ,2026-02-05,2026-02-09,48.8498,47.72,46.9,48.84,通富微电,江苏,半导体,主板,L,2007-08-16 00:00:00,S,民营企业,https://stockpage.10jqka.com.cn/002156/
V字形,301529.SZ,2025-12-23,2025-12-25,48.8349,86.55,86.54,90.13,福赛科技,安徽,汽车配件,创业板,L,2023-09-11 00:00:00,S,民营企业,https://stockpage.10jqka.com.cn/301529/
V字形,688727.SH,2026-03-06,2026-03-10,48.8107,51.24,50.22,52.39,恒坤新材,福建,半导体,科创板,L,2025-11-18 00:00:00,N,自然人,https://stockpage.10jqka.com.cn/688727/
V字形,301022.SZ,2026-03-06,2026-03-10,48.7755,31.96,31.62,32.93,海泰科,山东,专用机械,创业板,L,2021-07-02 00:00:00,N,民营企业,https://stockpage.10jqka.com.cn/301022/
V字形,688630.SH,2026-03-06,2026-03-10,48.7212,188.48,178.5,192.72,芯碁微装,安徽,专用机械,科创板,L,2021-04-01 00:00:00,H,自然人,https://stockpage.10jqka.com.cn/688630/
V字形,002050.SZ,2026-03-06,2026-03-10,48.623,47.71,46.99,48.44,三花智控,浙江,家用电器,主板,L,2005-06-07 00:00:00,S,民营企业,https://stockpage.10jqka.com.cn/002050/
V字形,603833.SH,2026-01-08,2026-01-12,48.5679,53.68,52.61,55.0,欧派家居,广东,家居用品,主板,L,2017-03-28 00:00:00,H,民营企业,https://stockpage.10jqka.com.cn/603833/
V字形,301011.SZ,2026-03-06,2026-03-10,48.4934,23.75,23.52,24.5,华立科技,广东,文教休闲,创业板,L,2021-06-17 00:00:00,N,外资,https://stockpage.10jqka.com.cn/301011/
V字形,600744.SH,2026-03-03,2026-03-05,48.1928,8.39,8.22,9.04,华银电力,湖南,火力发电,主板,L,1996-09-05 00:00:00,H,中央企业,https://stockpage.10jqka.com.cn/600744/
V字形,600288.SH,2026-02-11,2026-02-13,48.1526,15.54,15.5,15.85,大恒科技,北京,元器件,主板,L,2000-11-29 00:00:00,H,其他,https://stockpage.10jqka.com.cn/600288/
V字形,603076.SH,2026-02-12,2026-02-24,48.1349,25.95,25.86,27.18,乐惠国际,浙江,专用机械,主板,L,2017-11-13 00:00:00,N,民营企业,https://stockpage.10jqka.com.cn/603076/
V字形,000155.SZ,2026-02-12,2026-02-24,48.0511,12.81,12.73,13.26,川能动力,四川,新型电力,主板,L,2000-09-26 00:00:00,S,地方国有企业,https://stockpage.10jqka.com.cn/000155/
V字形,300227.SZ,2026-01-14,2026-01-16,47.9013,10.01,9.97,10.48,光韵达,深圳,专用机械,创业板,L,2011-06-08 00:00:00,N,民营企业,https://stockpage.10jqka.com.cn/300227/
V字形,300310.SZ,2026-02-05,2026-02-09,47.8457,6.81,6.74,7.04,宜通世纪,广东,通信设备,创业板,L,2012-04-25 00:00:00,S,其他,https://stockpage.10jqka.com.cn/300310/
V字形,300421.SZ,2026-03-06,2026-03-10,47.8417,26.0,25.77,26.67,力星股份,江苏,机械基件,创业板,L,2015-02-17 00:00:00,S,民营企业,https://stockpage.10jqka.com.cn/300421/
V字形,603110.SH,2026-03-06,2026-03-10,47.8116,17.4,17.31,18.1,东方材料,安徽,染料涂料,主板,L,2017-10-13 00:00:00,N,民营企业,https://stockpage.10jqka.com.cn/603110/
V字形,301488.SZ,2026-03-06,2026-03-10,47.7975,137.99,136.1,138.97,豪恩汽电,深圳,汽车配件,创业板,L,2023-07-04 00:00:00,S,民营企业,https://stockpage.10jqka.com.cn/301488/
V字形,688280.SH,2026-03-06,2026-03-10,47.7692,10.65,10.39,11.16,精进电动-UW,北京,汽车配件,科创板,L,2021-10-27 00:00:00,N,自然人,https://stockpage.10jqka.com.cn/688280/
V字形,300841.SZ,2026-03-06,2026-03-10,47.7638,62.2,61.75,63.91,康华生物,四川,生物制药,创业板,L,2020-06-16 00:00:00,S,其他,https://stockpage.10jqka.com.cn/300841/
V字形,301257.SZ,2026-03-06,2026-03-10,47.6694,64.02,62.15,65.13,普蕊斯,上海,医疗保健,创业板,L,2022-05-17 00:00:00,N,民营企业,https://stockpage.10jqka.com.cn/301257/
V字形,920068.BJ,2026-03-06,2026-03-10,47.658,21.16,20.93,21.97,天工股份,江苏,小金属,北交所,L,2025-05-13 00:00:00,N,民营企业,https://stockpage.10jqka.com.cn/920068/
V字形,603580.SH,2026-02-04,2026-02-06,47.6289,14.12,13.93,14.63,*ST艾艾,上海,塑料,主板,L,2017-05-25 00:00:00,N,外资,https://stockpage.10jqka.com.cn/603580/
V字形,605598.SH,2026-01-06,2026-01-08,47.2865,66.78,65.97,69.83,上海港湾,上海,建筑工程,主板,L,2021-09-17 00:00:00,H,民营企业,https://stockpage.10jqka.com.cn/605598/
V字形,603353.SH,2026-01-22,2026-01-26,47.2613,32.33,31.75,34.93,和顺石油,湖南,石油贸易,主板,L,2020-04-07 00:00:00,N,民营企业,https://stockpage.10jqka.com.cn/603353/
V字形,603305.SH,2026-03-06,2026-03-10,47.1986,15.61,15.45,15.88,旭升集团,浙江,汽车配件,主板,L,2017-07-10 00:00:00,H,民营企业,https://stockpage.10jqka.com.cn/603305/
V字形,688679.SH,2026-01-23,2026-01-27,47.1183,54.65,53.74,59.05,通源环境,安徽,环境保护,科创板,L,2020-12-25 00:00:00,N,自然人,https://stockpage.10jqka.com.cn/688679/
V字形,600501.SH,2025-12-26,2025-12-30,47.1084,26.23,26.06,27.39,航天晨光,江苏,专用机械,主板,L,2001-06-15 00:00:00,H,中央企业,https://stockpage.10jqka.com.cn/600501/
V字形,300083.SZ,2026-01-14,2026-01-16,47.1041,9.6,9.53,9.9,创世纪,广东,机床制造,创业板,L,2010-05-20 00:00:00,S,民营企业,https://stockpage.10jqka.com.cn/300083/
V字形,300451.SZ,2026-02-05,2026-02-09,47.093,5.36,5.34,5.51,创业慧康,浙江,软件服务,创业板,L,2015-05-14 00:00:00,S,其他,https://stockpage.10jqka.com.cn/300451/
V字形,688286.SH,2026-03-06,2026-03-10,47.0703,73.27,71.48,74.55,敏芯股份,江苏,半导体,科创板,L,2020-08-10 00:00:00,N,自然人,https://stockpage.10jqka.com.cn/688286/
V字形,603051.SH,2026-03-06,2026-03-10,47.0533,22.78,22.44,23.2,鹿山新材,广东,塑料,主板,L,2022-03-25 00:00:00,N,民营企业,https://stockpage.10jqka.com.cn/603051/
V字形,301158.SZ,2026-01-26,2026-01-28,47.0254,24.92,24.34,25.29,德石股份,山东,专用机械,创业板,L,2022-01-17 00:00:00,N,民营企业,https://stockpage.10jqka.com.cn/301158/
V字形,301381.SZ,2026-03-06,2026-03-10,47.0204,19.97,19.88,20.51,赛维时代,深圳,互联网,创业板,L,2023-07-12 00:00:00,S,民营企业,https://stockpage.10jqka.com.cn/301381/
V字形,300353.SZ,2026-01-08,2026-01-12,46.9522,22.9,22.76,24.47,东土科技,北京,通信设备,创业板,L,2012-09-27 00:00:00,S,民营企业,https://stockpage.10jqka.com.cn/300353/
V字形,002281.SZ,2026-03-06,2026-03-10,46.9215,80.11,78.33,86.16,光迅科技,湖北,通信设备,主板,L,2009-08-21 00:00:00,S,中央企业,https://stockpage.10jqka.com.cn/002281/
V字形,001332.SZ,2026-03-06,2026-03-10,46.8634,60.7,59.59,65.55,锡装股份,江苏,专用机械,主板,L,2022-09-20 00:00:00,S,民营企业,https://stockpage.10jqka.com.cn/001332/
V字形,603816.SH,2025-12-30,2026-01-05,46.8158,30.85,30.74,31.87,顾家家居,浙江,家居用品,主板,L,2016-10-14 00:00:00,H,民营企业,https://stockpage.10jqka.com.cn/603816/
V字形,600865.SH,2025-12-22,2025-12-24,46.8135,19.0,18.37,19.73,百大集团,浙江,百货,主板,L,1994-08-09 00:00:00,N,民营企业,https://stockpage.10jqka.com.cn/600865/
V字形,688371.SH,2026-03-06,2026-03-10,46.7985,20.49,20.29,21.2,菲沃泰,江苏,元器件,科创板,L,2022-08-02 00:00:00,H,自然人,https://stockpage.10jqka.com.cn/688371/
V字形,603890.SH,2026-01-14,2026-01-16,46.7903,15.79,15.74,16.37,春秋电子,江苏,元器件,主板,L,2017-12-12 00:00:00,H,民营企业,https://stockpage.10jqka.com.cn/603890/
V字形,300324.SZ,2025-12-30,2026-01-05,46.7522,5.99,5.98,6.18,旋极信息,北京,软件服务,创业板,L,2012-06-08 00:00:00,S,民营企业,https://stockpage.10jqka.com.cn/300324/
V字形,301017.SZ,2025-12-24,2025-12-26,46.6475,18.0,17.57,18.98,漱玉平民,山东,医药商业,创业板,L,2021-07-05 00:00:00,S,民营企业,https://stockpage.10jqka.com.cn/301017/
V字形,000510.SZ,2025-12-24,2025-12-26,46.6309,10.93,10.84,11.92,新金路,四川,化工原料,主板,L,1993-05-07 00:00:00,N,民营企业,https://stockpage.10jqka.com.cn/000510/
V字形,688416.SH,2026-03-06,2026-03-10,46.3947,90.25,89.49,93.43,恒烁股份,安徽,半导体,科创板,L,2022-08-29 00:00:00,N,自然人,https://stockpage.10jqka.com.cn/688416/
V字形,002440.SZ,2026-01-26,2026-01-28,46.3155,9.85,9.77,10.75,闰土股份,浙江,染料涂料,主板,L,2010-07-06 00:00:00,S,民营企业,https://stockpage.10jqka.com.cn/002440/
V字形,001266.SZ,2026-01-14,2026-01-16,46.2175,34.49,33.93,35.05,宏英智能,上海,电器仪表,主板,L,2022-02-28 00:00:00,N,民营企业,https://stockpage.10jqka.com.cn/001266/
V字形,603787.SH,2026-01-08,2026-01-12,46.1486,13.37,13.34,13.78,新日股份,江苏,摩托车,主板,L,2017-04-27 00:00:00,N,民营企业,https://stockpage.10jqka.com.cn/603787/
V字形,603052.SH,2026-03-06,2026-03-10,46.1047,58.7,58.0,60.99,可川科技,江苏,元器件,主板,L,2022-10-11 00:00:00,H,民营企业,https://stockpage.10jqka.com.cn/603052/
V字形,002765.SZ,2026-03-06,2026-03-10,46.0778,11.05,10.99,11.29,蓝黛科技,重庆,元器件,主板,L,2015-06-12 00:00:00,S,地方国有企业,https://stockpage.10jqka.com.cn/002765/
V字形,000426.SZ,2026-01-21,2026-01-23,46.0175,54.2,52.66,57.88,兴业银锡,内蒙,铅锌,主板,L,1996-08-28 00:00:00,S,民营企业,https://stockpage.10jqka.com.cn/000426/
V字形,603489.SH,2026-02-27,2026-03-03,45.9929,31.35,31.11,31.8,八方股份,江苏,电气设备,主板,L,2019-11-11 00:00:00,H,民营企业,https://stockpage.10jqka.com.cn/603489/
V字形,000869.SZ,2026-03-06,2026-03-10,45.9518,19.74,19.68,20.1,张裕Ａ,山东,红黄酒,主板,L,2000-10-26 00:00:00,S,其他,https://stockpage.10jqka.com.cn/000869/
V字形,688387.SH,2026-01-06,2026-01-08,45.9377,12.66,12.39,13.2,信科移动-U,湖北,通信设备,科创板,L,2022-09-26 00:00:00,H,企业,https://stockpage.10jqka.com.cn/688387/
V字形,600410.SH,2025-12-17,2025-12-19,45.9168,16.94,16.52,16.95,华胜天成,北京,软件服务,主板,L,2004-04-27 00:00:00,H,其他,https://stockpage.10jqka.com.cn/600410/
V字形,300576.SZ,2026-03-06,2026-03-10,45.9162,37.81,37.3,38.45,容大感光,深圳,染料涂料,创业板,L,2016-12-20 00:00:00,S,民营企业,https://stockpage.10jqka.com.cn/300576/
V字形,605111.SH,2026-03-06,2026-03-10,45.8879,41.78,41.63,43.22,新洁能,江苏,半导体,主板,L,2020-09-28 00:00:00,H,民营企业,https://stockpage.10jqka.com.cn/605111/
V字形,002709.SZ,2025-12-24,2025-12-26,45.8837,43.53,43.03,45.74,天赐材料,广东,化工原料,主板,L,2014-01-23 00:00:00,S,民营企业,https://stockpage.10jqka.com.cn/002709/
V字形,688018.SH,2026-03-06,2026-03-10,45.8742,154.73,152.85,159.03,乐鑫科技,上海,半导体,科创板,L,2019-07-22 00:00:00,H,自然人,https://stockpage.10jqka.com.cn/688018/
V字形,301379.SZ,2026-03-06,2026-03-10,45.8159,27.06,26.69,27.84,天山电子,广西,元器件,创业板,L,2022-11-01 00:00:00,S,民营企业,https://stockpage.10jqka.com.cn/301379/
V字形,688200.SH,2026-01-23,2026-01-27,45.7998,264.81,255.0,274.0,华峰测控,北京,半导体,科创板,L,2020-02-18 00:00:00,H,自然人,https://stockpage.10jqka.com.cn/688200/
V字形,301123.SZ,2026-03-06,2026-03-10,45.7727,57.26,56.32,58.95,奕东电子,广东,元器件,创业板,L,2022-01-25 00:00:00,S,民营企业,https://stockpage.10jqka.com.cn/301123/
V字形,002819.SZ,2026-03-06,2026-03-10,45.6998,27.99,27.4,28.38,东方中科,北京,电器仪表,主板,L,2016-11-11 00:00:00,S,中央企业,https://stockpage.10jqka.com.cn/002819/
V字形,000777.SZ,2026-01-05,2026-01-07,45.6978,26.42,26.3,27.73,中核科技,江苏,机械基件,主板,L,1997-07-10 00:00:00,S,中央企业,https://stockpage.10jqka.com.cn/000777/
